/*
SQLyog Community v12.2.1 (64 bit)
MySQL - 5.6.16 : Database - rentmanagement
*********************************************************************
*/

/*!40101 SET NAMES utf8 */;

/*!40101 SET SQL_MODE=''*/;

/*!40014 SET @OLD_UNIQUE_CHECKS=@@UNIQUE_CHECKS, UNIQUE_CHECKS=0 */;
/*!40014 SET @OLD_FOREIGN_KEY_CHECKS=@@FOREIGN_KEY_CHECKS, FOREIGN_KEY_CHECKS=0 */;
/*!40101 SET @OLD_SQL_MODE=@@SQL_MODE, SQL_MODE='NO_AUTO_VALUE_ON_ZERO' */;
/*!40111 SET @OLD_SQL_NOTES=@@SQL_NOTES, SQL_NOTES=0 */;
CREATE DATABASE /*!32312 IF NOT EXISTS*/`rentmanagement` /*!40100 DEFAULT CHARACTER SET latin1 */;

USE `rentmanagement`;

/*Table structure for table `btl_branch_staff` */

DROP TABLE IF EXISTS `btl_branch_staff`;

CREATE TABLE `btl_branch_staff` (
  `ID` int(10) NOT NULL AUTO_INCREMENT,
  `branch_id` int(10) NOT NULL,
  `staff_id` int(10) NOT NULL,
  PRIMARY KEY (`ID`)
) ENGINE=InnoDB DEFAULT CHARSET=latin1;

/*Data for the table `btl_branch_staff` */

/*Table structure for table `membership_users` */

DROP TABLE IF EXISTS `membership_users`;

CREATE TABLE `membership_users` (
  `memberID` varchar(20) NOT NULL,
  `passMD5` varchar(40) DEFAULT NULL,
  `email` varchar(100) DEFAULT NULL,
  `signupDate` date DEFAULT NULL,
  `groupID` int(10) unsigned DEFAULT NULL,
  `isBanned` tinyint(4) DEFAULT NULL,
  `isApproved` tinyint(4) DEFAULT NULL,
  `custom1` text,
  `custom2` text,
  `custom3` text,
  `custom4` text,
  `comments` text,
  `pass_reset_key` varchar(100) DEFAULT NULL,
  `pass_reset_expiry` int(10) unsigned DEFAULT NULL,
  PRIMARY KEY (`memberID`),
  KEY `groupID` (`groupID`)
) ENGINE=InnoDB DEFAULT CHARSET=latin1;

/*Data for the table `membership_users` */

insert  into `membership_users`(`memberID`,`passMD5`,`email`,`signupDate`,`groupID`,`isBanned`,`isApproved`,`custom1`,`custom2`,`custom3`,`custom4`,`comments`,`pass_reset_key`,`pass_reset_expiry`) values 
('1',NULL,NULL,'2016-02-18',1,0,1,NULL,NULL,NULL,NULL,'Anonymous member created automatically on 2016-02-18',NULL,NULL),
('2','63a9f0ea7bb98050796b649e85481845','ved71714@gmail.com','2016-02-18',2,0,1,NULL,NULL,NULL,NULL,'Admin member created automatically on 2016-02-18',NULL,NULL),
('3','dGVzdA==','test@gmail.com',NULL,NULL,NULL,NULL,NULL,NULL,NULL,NULL,NULL,NULL,NULL);

/*Table structure for table `tbl_branch` */

DROP TABLE IF EXISTS `tbl_branch`;

CREATE TABLE `tbl_branch` (
  `ID` int(10) NOT NULL AUTO_INCREMENT,
  `name` varchar(20) DEFAULT NULL,
  `contact` varchar(10) DEFAULT NULL,
  `email` varchar(30) DEFAULT NULL,
  `address` text,
  `city` varchar(20) DEFAULT NULL,
  `state` varchar(20) DEFAULT NULL,
  `zipcode` varchar(6) DEFAULT NULL,
  `bank_name` varchar(60) DEFAULT NULL,
  `bank_account_no` varchar(35) DEFAULT NULL,
  `bank_ifsc_code` varchar(35) DEFAULT NULL,
  `description` varchar(500) DEFAULT NULL,
  PRIMARY KEY (`ID`),
  UNIQUE KEY `email` (`email`)
) ENGINE=InnoDB AUTO_INCREMENT=6 DEFAULT CHARSET=latin1;

/*Data for the table `tbl_branch` */

insert  into `tbl_branch`(`ID`,`name`,`contact`,`email`,`address`,`city`,`state`,`zipcode`,`bank_name`,`bank_account_no`,`bank_ifsc_code`,`description`) values 
(1,'test','555555','test@mail.com','null','ciit','state','null','SBI','1111111111','sbin-2222','des'),
(2,'Chinchwad','2065111900','Chinchwad@teest.com','null','Pune','Maharashtra','null','ICICI','22222222222','icici22356','desc'),
(3,'bbn','1122222','nmnm@fffg','null','dfdffds','fdsfsd','null','AXIS','3333333','test',NULL),
(4,'test','null','test@gmail1.com','null','Pune','Maharashtra','null','null','66666','56566565656','null'),
(5,'hrp','null','hrp@g.c','null','Pune','California','null','null','8888888888888888','88888888888','null');

/*Table structure for table `tbl_branch_staff` */

DROP TABLE IF EXISTS `tbl_branch_staff`;

CREATE TABLE `tbl_branch_staff` (
  `ID` int(10) NOT NULL AUTO_INCREMENT,
  `branch_id` int(10) NOT NULL,
  `staff_id` int(10) NOT NULL,
  PRIMARY KEY (`ID`)
) ENGINE=InnoDB DEFAULT CHARSET=latin1;

/*Data for the table `tbl_branch_staff` */

/*Table structure for table `tbl_follow_up` */

DROP TABLE IF EXISTS `tbl_follow_up`;

CREATE TABLE `tbl_follow_up` (
  `ID` int(11) NOT NULL AUTO_INCREMENT,
  `lead_id` int(11) DEFAULT NULL,
  `date` timestamp NOT NULL DEFAULT CURRENT_TIMESTAMP ON UPDATE CURRENT_TIMESTAMP,
  `next_followup_date` date DEFAULT NULL,
  `Details` varchar(500) DEFAULT NULL,
  PRIMARY KEY (`ID`)
) ENGINE=InnoDB DEFAULT CHARSET=utf8;

/*Data for the table `tbl_follow_up` */

/*Table structure for table `tbl_lead` */

DROP TABLE IF EXISTS `tbl_lead`;

CREATE TABLE `tbl_lead` (
  `ID` int(10) NOT NULL AUTO_INCREMENT,
  `person_name` varchar(50) DEFAULT NULL,
  `reference` varchar(30) DEFAULT NULL,
  `contact_number` varchar(10) DEFAULT NULL,
  `remarks` text,
  `lead_type` varchar(15) DEFAULT NULL,
  `status` varchar(20) DEFAULT NULL,
  `date` timestamp NULL DEFAULT CURRENT_TIMESTAMP ON UPDATE CURRENT_TIMESTAMP,
  `priority` varchar(10) DEFAULT NULL,
  `email` varchar(30) DEFAULT NULL,
  `req_start_date` date DEFAULT NULL,
  `location` varchar(100) DEFAULT NULL,
  `property_type` varchar(20) DEFAULT NULL,
  `property_type_detail` varchar(50) DEFAULT NULL,
  `max_rent` int(11) DEFAULT NULL,
  `max_deposit` int(11) DEFAULT NULL,
  `min_deposit` int(11) DEFAULT NULL,
  `min_rent` int(11) DEFAULT NULL,
  `landline_no` varchar(15) DEFAULT NULL,
  PRIMARY KEY (`ID`)
) ENGINE=InnoDB AUTO_INCREMENT=13 DEFAULT CHARSET=latin1;

/*Data for the table `tbl_lead` */

insert  into `tbl_lead`(`ID`,`person_name`,`reference`,`contact_number`,`remarks`,`lead_type`,`status`,`date`,`priority`,`email`,`req_start_date`,`location`,`property_type`,`property_type_detail`,`max_rent`,`max_deposit`,`min_deposit`,`min_rent`,`landline_no`) values 
(6,'test','www.makan.com','4444444444','sssssssssssss','owner',NULL,'2016-03-25 15:30:28',NULL,'test@mail.com','2016-03-17','akurdi','residential','3BHK',333,3333,1000,1000,'11111'),
(7,'dummy','www.magicbricks.com','2136543','1bhk good','owner',NULL,'2016-03-25 15:30:32',NULL,'duummy@test.com','2016-03-24','Chinchwad','residential','2BHK',5000,5000,1000,1000,'2222'),
(8,'test','www.makan.com','8928113683','null','owner',NULL,'2016-03-26 09:44:06',NULL,'test@mail.com','2016-03-25','Pimpri,Chinchwad,akurdi,new sangvi','residential','2BHK',10000,95000,1100,1000,'3333'),
(9,'test','www.makan.com','9288136883','test','owner',NULL,'2016-03-26 09:43:47',NULL,'test@mail.com','2016-03-25','Pimpri,Chinchwad','residential','4BHK',55000,70000,1000,1000,'4444'),
(10,'prana','www.housing.com','8928136883','test','owner',NULL,'2016-03-26 09:45:39',NULL,'test@mail.com','2016-03-17','Chinchwad,akurdi','residential','4BHK',15000,40000,30000,10000,'77777777'),
(11,'Teston31st','www.magicbricks.com','null','xhzhghh','owner',NULL,'2016-03-31 11:02:31',NULL,'test@gmail1.com','2016-03-31','Pimpri,akurdi','residential','3BHK',25000,30000,15000,5000,'2202222221'),
(12,'hemant','www.99acres.com','null','45545454','owner',NULL,'2016-04-15 06:12:26',NULL,'kpranay@gmail.com','2016-04-20','Chinchwad,akurdi','residential','1BHK',30000,50000,25000,10000,'77777777777');

/*Table structure for table `tbl_lead_followup` */

DROP TABLE IF EXISTS `tbl_lead_followup`;

CREATE TABLE `tbl_lead_followup` (
  `ID` int(10) NOT NULL AUTO_INCREMENT,
  `details` text,
  `date` timestamp NULL DEFAULT CURRENT_TIMESTAMP ON UPDATE CURRENT_TIMESTAMP,
  `staff_id` int(10) DEFAULT NULL,
  `next_followup_date` varchar(30) DEFAULT NULL,
  `lead_id` int(11) DEFAULT NULL,
  PRIMARY KEY (`ID`)
) ENGINE=InnoDB AUTO_INCREMENT=26 DEFAULT CHARSET=latin1;

/*Data for the table `tbl_lead_followup` */

insert  into `tbl_lead_followup`(`ID`,`details`,`date`,`staff_id`,`next_followup_date`,`lead_id`) values 
(1,'test','2016-03-20 00:42:04',NULL,'2016-03-20 00:00:00',3),
(2,'hello','2016-03-20 00:49:28',NULL,'2016-03-20 00:00:00',3),
(3,'hello again','2016-03-20 00:50:54',NULL,'2016-03-21 00:00:00',3),
(4,'my god hello again','2016-03-20 00:51:17',NULL,'2016-03-23 00:00:00',3),
(5,'test on 21st','2016-03-21 12:02:54',NULL,'2016-03-21 00:00:00',3),
(6,'dummy','2016-03-21 12:05:09',NULL,'2016-03-16 00:00:00',7),
(7,'pleasse call me  afterr two days','2016-03-23 16:36:51',NULL,'2016-03-25 00:00:00',3),
(8,'hthhyh','2016-03-25 19:23:50',NULL,'2016-03-18 00:00:00',7),
(9,'test','2016-03-26 00:51:52',NULL,'2016-03-27 00:00:00',10),
(10,'test agaiin for m testing','2016-03-26 00:52:20',NULL,'2016-03-28 00:00:00',10),
(11,'first followup','2016-03-26 09:47:30',NULL,'2016-03-26 00:00:00',8),
(12,'2nd teest','2016-03-26 10:34:08',NULL,'2016-03-26 00:00:00',8),
(15,'3rd test','2016-03-26 10:47:31',NULL,'2016-03-26T00:00:00.000Z',8),
(16,'test','2016-03-26 19:39:04',NULL,'2016-03-26T00:00:00.000Z',6),
(17,'test2','2016-03-26 19:39:40',NULL,'2016-03-26T00:00:00.000Z',0),
(18,'test2','2016-03-26 19:44:17',NULL,'2016-03-26T00:00:00.000Z',6),
(19,'test3','2016-03-26 19:44:29',NULL,'2016-03-26T00:00:00.000Z',6),
(20,'test','2016-03-29 20:47:17',NULL,'2016-03-29T00:00:00.000Z',6),
(21,'first follow up','2016-03-31 11:03:33',NULL,'2016-03-09T00:00:00.000Z',11),
(22,'2nd followup','2016-03-31 11:03:50',NULL,'2016-03-31T00:00:00.000Z',11),
(23,'third followup','2016-03-31 11:04:23',NULL,'2016-04-07T00:00:00.000Z',11),
(24,'<!DOCTYPE html>\n<html>\n<body>\n\n<h1>What Can JavaScript Do?</h1>\n\n<p id=\"demo\">JavaScript can change HTML content.</p>\n\n</body>\n</html>','2016-04-13 16:24:02',NULL,'2016-04-13T00:00:00.000Z',6),
(25,'qadsdsdsdadasd\nd\nasds\ndas\ndsd\ns','2016-04-13 18:51:07',NULL,'2016-04-13T00:00:00.000Z',6);

/*Table structure for table `tbl_lead_status` */

DROP TABLE IF EXISTS `tbl_lead_status`;

CREATE TABLE `tbl_lead_status` (
  `ID` int(10) NOT NULL AUTO_INCREMENT,
  `status_name` varchar(20) NOT NULL,
  PRIMARY KEY (`ID`)
) ENGINE=InnoDB DEFAULT CHARSET=latin1;

/*Data for the table `tbl_lead_status` */

/*Table structure for table `tbl_lead_type` */

DROP TABLE IF EXISTS `tbl_lead_type`;

CREATE TABLE `tbl_lead_type` (
  `ID` int(10) NOT NULL AUTO_INCREMENT,
  `type_name` varchar(20) NOT NULL,
  PRIMARY KEY (`ID`)
) ENGINE=InnoDB DEFAULT CHARSET=latin1;

/*Data for the table `tbl_lead_type` */

/*Table structure for table `tbl_membership_users` */

DROP TABLE IF EXISTS `tbl_membership_users`;

CREATE TABLE `tbl_membership_users` (
  `memberID` int(20) NOT NULL AUTO_INCREMENT,
  `passMD5` varchar(40) DEFAULT NULL,
  `email` varchar(100) DEFAULT NULL,
  `signupDate` date DEFAULT NULL,
  `groupID` int(10) unsigned DEFAULT NULL,
  `isBanned` tinyint(4) DEFAULT NULL,
  `isApproved` tinyint(4) DEFAULT NULL,
  `custom1` text,
  `custom2` text,
  `custom3` text,
  `custom4` text,
  `comments` text,
  `pass_reset_key` varchar(100) DEFAULT NULL,
  `pass_reset_expiry` int(10) unsigned DEFAULT NULL,
  PRIMARY KEY (`memberID`),
  KEY `groupID` (`groupID`)
) ENGINE=InnoDB AUTO_INCREMENT=2 DEFAULT CHARSET=latin1;

/*Data for the table `tbl_membership_users` */

insert  into `tbl_membership_users`(`memberID`,`passMD5`,`email`,`signupDate`,`groupID`,`isBanned`,`isApproved`,`custom1`,`custom2`,`custom3`,`custom4`,`comments`,`pass_reset_key`,`pass_reset_expiry`) values 
(1,'dGVzdA==','test@gmail.com',NULL,NULL,NULL,NULL,NULL,NULL,NULL,NULL,NULL,NULL,NULL);

/*Table structure for table `tbl_menu` */

DROP TABLE IF EXISTS `tbl_menu`;

CREATE TABLE `tbl_menu` (
  `id` int(11) NOT NULL AUTO_INCREMENT,
  `name` varchar(20) DEFAULT NULL,
  `html` varchar(200) DEFAULT NULL,
  PRIMARY KEY (`id`)
) ENGINE=InnoDB AUTO_INCREMENT=7 DEFAULT CHARSET=utf8;

/*Data for the table `tbl_menu` */

insert  into `tbl_menu`(`id`,`name`,`html`) values 
(1,'Dashboard','<a href=\'#/staff\'><i class=\"fa fa-flask\">'),
(2,'Staff','<a href=\'#/staff\'><i class=\"fa fa-flask\"></i>Staff</a>'),
(3,'Branch','<a href=\'#/branch\'><i class=\"fa fa-bar-chart-o\"></i>Branch</a>'),
(4,'Accounts',' <a href=\'#\'><i class=\"fa fa-flask\"></i>Accounts</a>'),
(5,'HelpDesk','<a href=\'#/servicereq\'><i class=\"fa fa-table\"></i>Help Desk</a>'),
(6,'admin','<a href=\'#\'><i class=\"fa fa-table\"></i>Admin</a>');

/*Table structure for table `tbl_menu_items` */

DROP TABLE IF EXISTS `tbl_menu_items`;

CREATE TABLE `tbl_menu_items` (
  `id` int(11) NOT NULL AUTO_INCREMENT,
  `name` varchar(30) DEFAULT NULL,
  `html` varchar(200) DEFAULT NULL,
  `menu_id` int(11) DEFAULT NULL,
  PRIMARY KEY (`id`)
) ENGINE=InnoDB AUTO_INCREMENT=8 DEFAULT CHARSET=utf8;

/*Data for the table `tbl_menu_items` */

insert  into `tbl_menu_items`(`id`,`name`,`html`,`menu_id`) values 
(1,'AddLead','<li><a href=\'#/addlead\'>Add Lead</a></li>',5),
(2,'Lead','<li><a href=\'#/showallleads\'>Lead</a></li>',5),
(3,'AddNewBranch',' <li><a href=\'#/addbranch\' >Add New Branch</a></li> ',3),
(4,'BranchList',' <li><a href=\'#/branch\'>Branch List</a></li>',3),
(5,'StaffList',' <li><a href=\'#/staff\' >Staff List</a></li>',2),
(6,'AddNewStaffMember','<li><a href=\'#/addstaff\' >Add New Staff Member</a></li>',2),
(7,'UserAccessControl',' <li><a href=\'#/feature\'>User access Control</a></li>',6);

/*Table structure for table `tbl_person_menu_items` */

DROP TABLE IF EXISTS `tbl_person_menu_items`;

CREATE TABLE `tbl_person_menu_items` (
  `id` int(11) NOT NULL AUTO_INCREMENT,
  `staff_id` int(11) DEFAULT NULL,
  `menu_items_id` int(11) DEFAULT NULL,
  PRIMARY KEY (`id`)
) ENGINE=InnoDB DEFAULT CHARSET=utf8;

/*Data for the table `tbl_person_menu_items` */

/*Table structure for table `tbl_property` */

DROP TABLE IF EXISTS `tbl_property`;

CREATE TABLE `tbl_property` (
  `property_id` int(6) NOT NULL AUTO_INCREMENT,
  `property_type` varchar(30) DEFAULT NULL,
  `property_name` varchar(30) DEFAULT NULL,
  `apartment_facility` varchar(20) DEFAULT NULL,
  `residential_property` varchar(20) DEFAULT NULL,
  `commercial_property` varchar(20) DEFAULT NULL,
  `flat_type` varchar(20) DEFAULT NULL,
  `pg_type` varchar(20) DEFAULT NULL,
  `pg_category_type` varchar(20) DEFAULT NULL,
  `property_Add` text,
  `state` varchar(30) DEFAULT NULL,
  `city` varchar(30) DEFAULT NULL,
  `pincode` varchar(10) DEFAULT NULL,
  `building_name` varchar(20) DEFAULT NULL,
  `flat_shop_unit_no` varchar(20) DEFAULT NULL,
  `wing` varchar(20) DEFAULT NULL,
  `lene1` varchar(20) DEFAULT NULL,
  `lene2` varchar(20) DEFAULT NULL,
  `society_amenities` varchar(50) DEFAULT NULL,
  `property_photo` varchar(50) DEFAULT NULL,
  `keyrdate` varchar(10) DEFAULT NULL,
  `followup_service` varchar(50) DEFAULT NULL,
  UNIQUE KEY `property_id` (`property_id`)
) ENGINE=InnoDB AUTO_INCREMENT=18 DEFAULT CHARSET=latin1;

/*Data for the table `tbl_property` */

insert  into `tbl_property`(`property_id`,`property_type`,`property_name`,`apartment_facility`,`residential_property`,`commercial_property`,`flat_type`,`pg_type`,`pg_category_type`,`property_Add`,`state`,`city`,`pincode`,`building_name`,`flat_shop_unit_no`,`wing`,`lene1`,`lene2`,`society_amenities`,`property_photo`,`keyrdate`,`followup_service`) values 
(17,'commercial','test1','furnished','null','Commercial Shop','3BHK','null','null','3rd Floor, Kasturi Heights, Plot No. 6, Chinchwad.','Maharashtra','1','545454','kasturi','test1','test1','3','test1','Swimming Pool,Power Back Up ,Playground','null','2016-04-21','null');

/*Table structure for table `tbl_role` */

DROP TABLE IF EXISTS `tbl_role`;

CREATE TABLE `tbl_role` (
  `ID` int(10) NOT NULL AUTO_INCREMENT,
  `name` varchar(20) NOT NULL,
  PRIMARY KEY (`ID`)
) ENGINE=InnoDB DEFAULT CHARSET=latin1;

/*Data for the table `tbl_role` */

/*Table structure for table `tbl_role_staff` */

DROP TABLE IF EXISTS `tbl_role_staff`;

CREATE TABLE `tbl_role_staff` (
  `ID` int(10) NOT NULL AUTO_INCREMENT,
  `role_id` int(10) NOT NULL,
  `staff_id` int(10) NOT NULL,
  PRIMARY KEY (`ID`)
) ENGINE=InnoDB DEFAULT CHARSET=latin1;

/*Data for the table `tbl_role_staff` */

/*Table structure for table `tbl_staff` */

DROP TABLE IF EXISTS `tbl_staff`;

CREATE TABLE `tbl_staff` (
  `ID` int(10) NOT NULL AUTO_INCREMENT,
  `name` varchar(20) DEFAULT NULL,
  `email` varchar(30) DEFAULT NULL,
  `contact` varchar(10) DEFAULT NULL,
  `address` text,
  `city` varchar(20) DEFAULT NULL,
  `state` varchar(20) DEFAULT NULL,
  `zipcode` varchar(6) DEFAULT NULL,
  `image_path` text,
  `permanent_address` varchar(100) DEFAULT NULL,
  `landline_no` varchar(15) DEFAULT NULL,
  `comment` varchar(100) DEFAULT NULL,
  `address_proof_list` varchar(200) DEFAULT NULL,
  `id_proof_list` varchar(200) DEFAULT NULL,
  PRIMARY KEY (`ID`),
  UNIQUE KEY `email` (`email`)
) ENGINE=InnoDB AUTO_INCREMENT=5 DEFAULT CHARSET=latin1;

/*Data for the table `tbl_staff` */

insert  into `tbl_staff`(`ID`,`name`,`email`,`contact`,`address`,`city`,`state`,`zipcode`,`image_path`,`permanent_address`,`landline_no`,`comment`,`address_proof_list`,`id_proof_list`) values 
(1,'testEmployee1','test@mail.com','22222444','Chinchwad Pune','pune','maharashtra','411033',NULL,'jalgaon','02026777691','Address proof not provvided',NULL,NULL),
(3,'testEmp1','test1@mail.com','111111','Akurdi','Pune','Maharashtrra','411035',NULL,'Amravati','123456788','ID proof not  provvided',NULL,NULL),
(4,'testEmp2','test2@mail.com','111111','chinchwad station','Pune','Maharashtra','411033',NULL,'Pune','123345678','All documents ok','Adharcard,Passport','Passport');

/* Procedure structure for procedure `sp_add_lead` */

/*!50003 DROP PROCEDURE IF EXISTS  `sp_add_lead` */;

DELIMITER $$

/*!50003 CREATE DEFINER=`root`@`localhost` PROCEDURE `sp_add_lead`(
   IN  person_name varchar(50),
   IN  reference varchar(30), 
   IN  contact_number varchar(10), 
   IN  remarks text, 
   IN  lead_type varchar(15), 
   IN  `status` varchar(20), 
   
   IN  priority varchar(10), 
   IN  email varchar(30), 
   IN   req_start_date date, 
   IN   location varchar(200), 
   IN	property_type varchar(20), 
   IN	property_type_detail varchar(50), 
   IN	max_rent int, 
   IN	max_deposit int,
   IN	min_rent INT, 
   IN	min_deposit INT,
   IN	landline_no INT)
BEGIN
INSERT INTO `rentmanagement`.`tbl_lead` 
	(
	`person_name`, 
	`reference`, 
	`contact_number`, 
	`remarks`, 
	`lead_type`, 
	
	`priority`, 
	`email`, 
	`req_start_date`, 
	`location`, 
	`property_type`, 
	`property_type_detail`, 
	`max_rent`, 
	`max_deposit`,
	`min_rent`, 
	`min_deposit`,
	`landline_no`
	
	)
 VALUES(
  person_name,
  reference, 
  contact_number, 
  remarks, 
  lead_type, 
  
  priority, 
  email, 
  req_start_date, 
  location, 
  property_type, 
  property_type_detail, 
  max_rent, 
  max_deposit,
  min_rent, 
  min_deposit,
  landline_no);
  
END */$$
DELIMITER ;

/*!40101 SET SQL_MODE=@OLD_SQL_MODE */;
/*!40014 SET FOREIGN_KEY_CHECKS=@OLD_FOREIGN_KEY_CHECKS */;
/*!40014 SET UNIQUE_CHECKS=@OLD_UNIQUE_CHECKS */;
/*!40111 SET SQL_NOTES=@OLD_SQL_NOTES */;
